{
    "observation.state": {
        "min": [
            0.1567,
            -1.4635,
            0.3078,
            1.38,
            0.0,
            -0.1099,
            -0.08,
            0.0005,
            0.0,
            0.0,
            0.0,
            0.0,
            -0.0003,
            -0.0002,
            -0.0003,
            -0.0004,
            0.0
        ],
        "max": [
            0.1936,
            -1.4579,
            0.3555,
            1.7015,
            0.0201,
            0.0928,
            0.5391,
            0.0159,
            0.0154,
            0.0158,
            0.0103,
            0.2371,
            0.0069,
            0.0133,
            0.0177,
            0.0268,
            0.0
        ],
        "mean": [
            0.16274347826086963,
            -1.459610869565217,
            0.3286902173913044,
            1.5497673913043462,
            0.015218478260869573,
            -0.014055434782608695,
            0.23327826086956527,
            0.006076086956521743,
            0.005568478260869566,
            0.005490217391304349,
            0.0030489130434782625,
            0.12122934782608698,
            0.001225,
            0.0023826086956521735,
            0.003307608695652175,
            0.004844565217391305,
            0.0
        ],
        "std": [
            0.007258133433960807,
            0.001233187503086757,
            0.0173172574127824,
            0.1489715876825946,
            0.008403298127725842,
            0.03841195003180321,
            0.2310289948987615,
            0.0033141124316821047,
            0.003217477047917394,
            0.003473347582808535,
            0.0020656873035183277,
            0.07332067081757973,
            0.0014097197532164667,
            0.0029997684220638343,
            0.00415263755094152,
            0.006100291584806398,
            0.0
        ],
        "count": 92
    },
    "action": {
        "min": [
            0.16,
            -1.46,
            0.30999999999999994,
            1.3799999999999997,
            0.0,
            -0.10999999999999999,
            0.0,
            0.0,
            0.0,
            0.0,
            0.0,
            0.0,
            0.0,
            0.0,
            0.0,
            0.0,
            0.0
        ],
        "max": [
            0.19000000000000003,
            -1.46,
            0.35,
            1.7,
            0.02,
            0.17,
            0.0,
            0.0,
            0.0,
            0.0,
            0.0,
            0.0,
            0.0,
            0.0,
            0.0,
            0.0,
            0.0
        ],
        "mean": [
            0.16293478260869576,
            -1.4599999999999977,
            0.3260869565217393,
            1.5417391304347805,
            0.015434782608695661,
            -0.007717391304347828,
            0.0,
            0.0,
            0.0,
            0.0,
            0.0,
            0.0,
            0.0,
            0.0,
            0.0,
            0.0,
            0.0
        ],
        "std": [
            0.006842648145885731,
            2.220446049250313e-15,
            0.015248415579782763,
            0.15124561578735468,
            0.008263729482064443,
            0.052855489223171445,
            0.0,
            0.0,
            0.0,
            0.0,
            0.0,
            0.0,
            0.0,
            0.0,
            0.0,
            0.0,
            0.0
        ],
        "count": 92
    }
}